RuleType,Target,N,Slope,Intercept,Correlation
Rank,Judge,115,-0.010692220898975407,0.8871224009703838,-0.540875769935918
Rank,Audience,115,-0.0031147886378684628,0.702116302044834,-0.24738861407244336
Percent,Judge,306,-0.010455418254775337,0.8554954663297374,-0.549942847984649
Percent,Audience,306,-0.010156046040058085,0.8077181127941186,-0.544663940035224
