RuleType,N,Mean_Judge_Norm,Mean_Audience_Norm
Rank,115,0.45878273417403853,0.5773351606999645
Percent,306,0.4549777774981147,0.41866853213542293
